Title,atom,epub,epub-2,epub-3,htmlz,mobi,odt,pdf,pdf-a4,pdf-a5,pdf-a6,pdf-letter,rtf,txt,xhtml
&quot;தப்பிலி_கப்&quot;,0,0,0,1,0,3,0,0,0,2,0,0,0,0,0
?,0,1,0,0,0,5,0,0,0,1,0,0,0,0,0
Index:சிக்கிமுக்கிக்_கற்கள்.pdf,0,0,0,0,0,0,0,0,1,0,0,0,0,0,0
Index:வஞ்சிமாநகரம்_(நாவல்).pdf,0,0,0,0,0,0,0,0,0,0,0,0,0,1,0
Page:மனத்தின்_தோற்றம்-ஆய்வுக்_கட்டுரைகள்.pdf/50,0,0,0,0,0,0,0,0,0,2,0,0,0,0,0
அகநானூறு,0,80,0,1,0,76,0,0,1,72,0,0,1,0,0
அகல்_விளக்கு,0,0,0,0,0,0,0,0,0,2,0,0,0,0,0
அகல்யை,0,4,0,0,0,2,0,0,0,2,0,0,1,0,0
அக்கினிப்_பிரவேசம்,0,0,0,2,0,1,0,0,0,0,0,0,0,0,0
அக்ரஹாரத்துப்_பூனை,0,0,0,2,0,0,0,0,0,0,0,0,0,0,0
அங்கும்_இங்கும்,0,51,0,14,1,49,0,0,14,44,0,0,17,1,0
அசோகர்_கதைகள்,0,36,0,14,0,51,0,0,38,55,0,0,10,0,0
அசோகர்_கதைகள்﻿,0,0,0,0,0,0,0,0,1,1,0,0,0,0,0
அந்த_முட்டாள்_வேணு,0,1,0,1,0,10,0,0,0,9,0,0,0,0,0
அன்று_இரவு,0,1,0,0,0,1,0,0,0,3,0,0,0,0,0
அபிநவ_ஸ்நாப்,0,1,0,0,0,0,0,0,0,1,0,0,0,0,0
அபிராமி_அந்தாதி,0,74,0,2,0,74,0,0,2,84,0,0,8,0,0
அபிராமி_அம்மைப்_பதிகம்,0,0,0,0,0,1,0,0,0,17,0,0,3,0,0
அமர_வாழ்வு,0,0,0,0,0,0,0,0,0,3,0,0,3,0,0
அரசூர்_பஞ்சாயத்து,0,1,0,2,0,1,0,0,0,4,0,0,0,0,0
அற்புதத்_திருவந்தாதி,0,0,0,0,0,0,0,0,0,3,0,0,1,0,0
அலை_ஓசை,0,2,0,0,0,0,0,0,0,20,0,0,1,0,0
அழகின்_சிரிப்பு,0,7,0,3,0,4,0,0,0,36,0,0,3,0,0
அவதாரம்,0,0,0,0,0,1,0,0,0,1,0,0,0,0,0
ஆசாரியர்கள்_வாழித்_திருநாமங்கள்,0,0,0,2,0,0,0,0,0,2,0,0,1,0,0
ஆசிரியர்:உடுமலை_நாராயண_கவி/நூற்பட்டியல்,0,0,0,1,0,0,0,0,0,0,0,0,0,0,0
ஆசிரியர்:கல்கி/சிறுகதைகள்,0,25,0,0,0,1,0,0,4,4,0,0,3,0,0
ஆசிரியர்:சின்ன_அண்ணாமலை/நூற்பட்டியல்,0,0,0,1,0,0,0,0,0,0,0,0,0,0,0
ஆசிரியர்:புதுமைப்பித்தன்,0,0,0,0,0,0,0,0,1,0,0,0,0,0,0
ஆசிரியர்:புதுமைப்பித்தன்/நூற்பட்டியல்,0,24,0,0,0,2,0,0,14,10,0,0,5,0,0
ஆசிரியர்:புலியூர்க்_கேசிகன்/நூற்பட்டியல்,0,0,0,0,0,0,0,0,0,0,0,0,0,4,0
ஆண்மை,0,2,0,1,0,2,0,0,0,2,0,0,0,0,0
ஆத்திசூடி,0,1,0,4,0,0,0,0,2,56,0,0,1,0,0
ஆற்றங்கரைப்_பிள்ளையார்,0,0,0,0,0,2,0,0,0,9,0,0,1,0,0
இடிந்த_கோட்டை,0,1,0,1,0,1,0,0,0,4,0,0,0,0,0
இது_என்ன_சொர்க்கம்,0,0,0,0,0,0,0,0,0,1,0,0,1,0,0
இது_மிஷின்_யுகம்,0,1,0,0,0,2,0,0,0,1,0,0,0,0,0
இனியவை_நாற்பது,0,0,0,3,0,2,0,0,0,16,0,0,2,0,0
இன்னா_நாற்பது,0,0,0,12,0,2,0,0,0,42,0,0,9,0,0
இமயமலை_எங்கள்_மலை,0,1,0,0,0,2,0,0,0,3,0,0,0,0,0
இரண்டு_உலகங்கள்,0,1,0,0,0,3,0,0,0,1,0,0,0,0,0
இரண்டு_குழந்தைகள்,0,0,0,2,0,0,0,0,0,0,0,0,0,0,0
இலக்கிய_மம்ம_நாயனார்_புராணம்,0,1,0,0,0,0,0,0,0,0,0,0,0,0,0
இலக்கியங்கண்ட_காவலர்,0,42,0,1,0,25,0,0,0,30,0,0,1,0,0
இல்லாதது_எது?,0,0,0,2,0,0,0,0,0,0,0,0,0,0,0
ஈசுரமாலை,0,66,0,0,0,72,0,0,0,56,0,0,0,0,0
உணர்ச்சியின்_அடிமைகள்,0,1,0,0,0,1,0,0,0,3,0,0,2,0,0
உபதேச_ரத்தின_மாலை,0,0,0,0,0,0,0,0,0,7,0,0,0,0,0
உபதேசம்,0,0,0,0,0,1,0,0,0,5,0,0,0,0,0
உமார்_கயாம்,0,28,0,22,0,40,0,0,20,51,0,0,12,1,0
உலகத்தமிழ்,0,6,0,10,0,11,0,0,0,18,0,0,9,0,0
உலகநீதி,0,0,0,12,0,4,0,0,0,35,0,0,6,0,0
எங்கள்_ஊர்_சங்கீதப்_போட்டி,0,0,0,0,0,0,0,0,0,0,0,0,1,0,0
எஜமான_விசுவாசம்,0,0,0,0,0,0,0,0,0,0,0,0,1,0,0
என்_தெய்வம்,0,1,0,0,0,2,0,0,0,2,0,0,0,0,0
எப்போதும்_முடிவிலே_இன்பம்,0,0,0,0,0,1,0,0,0,2,0,0,0,0,0
எஸ்_எஸ்_மேனகா,0,2,0,0,0,2,0,0,0,1,0,0,0,0,0
ஏரெழுபது,0,0,0,0,0,0,0,0,0,2,0,0,0,0,0
ஏலாதி,0,0,0,0,0,0,0,0,0,1,0,0,0,0,0
ஐங்குறுநூறு,0,63,0,4,0,52,0,0,0,67,0,0,1,0,0
ஒன்பது_குழி_நிலம்,0,1,0,0,0,1,0,0,0,2,0,0,1,0,0
ஒப்பந்தம்,0,2,0,0,0,3,0,0,0,1,0,0,7,0,0
ஒரு_கொலை_அனுபவம்,0,1,0,0,0,2,0,0,0,1,0,0,1,0,0
ஒரு_நாள்_கழிந்தது,0,2,0,0,0,2,0,0,0,1,0,0,1,0,0
ஒரு_பக்தர்,0,0,0,2,0,0,0,0,0,0,0,0,0,0,0
ஒரு_வீடு_பூட்டிக்_கிடக்கிறது,0,0,0,2,0,0,0,0,0,0,0,0,0,0,0
ஒற்றை_ரோஜா,0,0,0,0,0,0,0,0,0,6,0,0,2,0,0
ஔவையார்_தனிப்பாடல்கள்,0,0,0,14,0,7,0,0,0,104,0,0,6,0,0
க._அயோத்திதாஸப்_பண்டிதர்_சிந்தனைகள்-1,0,4,0,0,0,3,0,0,0,16,0,0,0,0,0
கடவுளின்_பிரதிநிதி,0,1,0,0,0,2,0,0,0,1,0,0,0,0,0
கடவுளும்_கந்தசாமிப்_பிள்ளையும்,0,0,0,12,0,18,0,0,0,26,0,0,14,0,0
கடிதமும்_கண்ணீரும்,0,0,0,0,0,0,0,0,0,0,0,0,1,0,0
கடிதம்,0,2,0,0,0,2,0,0,0,1,0,0,0,0,0
கட்டிலை_விட்டிறங்காக்_கதை,0,1,0,0,0,0,0,0,0,0,0,0,0,0,0
கட்டில்_பேசுகிறது,0,0,0,0,0,0,0,0,0,3,0,0,2,0,0
கணையாழியின்_கனவு,0,1,0,0,0,1,0,0,0,3,0,0,2,0,0
கண்ணன்_குழல்,0,2,0,0,0,0,0,0,0,1,0,0,0,0,0
கண்ணன்_பாட்டு,0,14,0,2,0,1,0,0,0,5,0,0,0,0,0
கந்த_சஷ்டி_கவசம்,0,70,0,64,0,162,0,0,17,517,0,0,55,0,0
கந்தர்_அனுபூதி,0,67,0,1,0,68,0,0,0,67,0,0,1,0,0
கந்தர்_அலங்காரம்,0,0,0,0,0,2,0,0,0,3,0,0,0,0,0
கனவுப்_பெண்,0,1,0,0,0,2,0,0,0,3,0,0,0,0,0
கபாடபுரம்,0,1,0,0,0,2,0,0,0,3,0,0,0,0,0
கபாடபுரம்_(நா._பார்த்தசாரதி),0,38,0,31,0,46,0,0,0,50,0,0,22,0,0
கமலாவின்_கல்யாணம்,0,0,0,0,0,0,0,0,0,0,0,0,1,0,0
கம்பராமாயணம்,0,86,0,11,0,96,0,0,0,0,0,0,7,1,0
கம்பராமாயணம்/கிட்கிந்தா_காண்டம்/நாட_விட்ட_படலம்,0,0,0,1,0,0,0,0,0,0,0,0,0,0,0
கம்பராமாயணம்/பால_காண்டம்/ஆற்றுப்_படலம்,0,0,0,0,0,2,0,0,0,0,0,0,0,1,0
கம்பர்_தனிப்பாடல்கள்,0,0,0,0,0,1,0,0,0,0,0,0,0,0,0
கயிற்றரவு,0,0,0,0,0,1,0,0,0,9,0,0,0,0,0
கருச்சிதைவு,0,1,0,0,0,1,0,0,0,4,0,0,0,0,0
கலிங்கத்துப்_பரணி,0,0,0,3,0,0,0,0,1,20,0,0,2,0,0
கலித்தொகை,0,68,0,0,0,49,0,0,0,47,0,0,1,0,0
கலியாணி,0,1,0,0,0,1,0,0,0,2,0,0,0,0,0
கல்லாடம்,0,76,0,1,0,61,0,0,0,61,0,0,0,0,0
கள்வனின்_காதலி,0,16,0,0,0,3,0,0,0,9,0,0,2,0,0
கவந்தனும்_காமனும்,0,1,0,0,0,7,0,0,0,3,0,0,0,0,0
கவர்னர்_வண்டி,0,1,0,0,0,2,0,0,0,1,0,0,0,0,0
கவர்னர்_விஜயம்,0,0,0,0,0,0,0,0,0,0,0,0,2,0,0
காஞ்சனை,0,1,0,1,0,2,0,0,0,9,0,0,0,0,0
காதறாக்_கள்ளன்,0,1,0,0,0,7,0,0,0,31,0,0,0,0,0
காந்திமதியின்_காதலன்,0,0,0,0,0,1,0,0,0,0,0,0,1,0,0
காரிருளில்_ஒரு_மின்னல்,0,1,0,0,0,6,0,0,0,3,0,0,0,0,0
கார்_நாற்பது,0,0,0,0,0,0,0,0,0,6,0,0,0,0,0
காலனும்_கிழவியும்,0,1,0,0,0,0,0,0,0,1,0,0,0,0,0
காளமேகப்_புலவர்_பாடல்கள்,0,0,0,1,0,0,0,0,0,0,0,0,0,0,0
காளி_கோவில்,0,1,0,0,0,1,0,0,0,3,0,0,1,0,0
குப்பனின்_கனவு,0,1,0,0,0,0,0,0,0,1,0,0,0,0,0
குயில்_பாட்டு,0,7,0,0,0,0,0,0,0,1,0,0,0,0,0
குருக்கள்_ஆத்துப்_பையன்,0,0,0,2,0,0,0,0,0,0,0,0,0,0,0
குருபீடம்,0,0,0,1,0,0,0,0,0,0,0,0,0,0,0
குறிஞ்சிப்பாட்டு,0,0,0,2,0,2,0,0,0,6,0,0,3,0,0
குறைப்_பிறவி,0,0,0,1,0,0,0,0,0,0,0,0,0,0,0
குற்றவாளி_யார்?,0,2,0,0,0,2,0,0,0,1,0,0,0,0,0
குலோத்ததுங்கச்_சோழன்_உலா,1,0,0,0,0,0,0,0,0,0,0,0,0,0,0
குலோத்ததுங்கச்_சோழன்_உலா‎,0,0,0,0,0,0,0,0,0,1,2,0,0,0,0
கேதாரியின்_தாயார்,0,0,0,0,0,0,0,0,0,0,0,0,2,0,0
கைதியின்_பிரார்த்தனை,0,0,0,0,0,2,0,0,0,2,0,0,0,0,0
கைலாசமய்யர்_காபரா,0,0,0,0,0,0,0,0,0,0,0,0,1,0,0
கொடுக்காப்புளி_மரம்,0,0,0,0,0,1,0,0,0,3,0,0,0,0,0
கொன்ற_சிரிப்பு,0,1,0,0,0,0,0,0,0,1,0,0,0,0,0
கொலைகாரன்_கை,0,0,0,0,0,1,0,0,0,2,0,0,0,0,0
கோபாலபுரம்,0,1,0,0,0,1,0,0,0,1,0,0,0,0,0
கோபாலய்யங்காரின்_மனைவி,0,0,0,0,0,6,0,0,0,2,0,0,0,0,0
கோளறு_பதிகம்,0,82,0,8,0,120,0,0,0,129,0,0,10,0,0
கோவிந்தனும்_வீரப்பனும்,0,1,0,0,0,1,0,0,0,1,0,0,0,0,0
சங்குத்_தேவனின்_தர்மம்,0,0,0,0,0,1,0,0,0,2,0,0,1,0,0
சணப்பன்_கோழி,0,0,0,0,0,1,0,0,0,1,0,0,0,0,0
சண்முக_கவசம்,0,0,0,0,0,1,0,0,0,52,0,0,0,0,0
சந்திரமதி,0,0,0,0,0,0,0,0,0,0,0,0,1,0,0
சந்திரிகையின்_கதை,0,12,0,1,0,0,0,0,0,1,0,0,1,0,0
சமாதி,0,1,0,0,0,1,0,0,0,0,0,0,0,0,0
சாப_விமோசனம்,0,1,0,0,0,0,0,0,0,5,0,0,0,0,0
சாமாவின்_தவறு,0,2,0,0,0,0,0,0,0,1,0,0,0,0,0
சாமியாரும்_குழந்தையும்_சீடையும்,0,1,0,0,0,1,0,0,0,3,0,0,0,0,0
சாயங்கால_மயக்கம்,0,1,0,0,0,6,0,0,0,0,0,0,0,0,0
சாரதையின்_தந்திரம்,0,1,0,0,0,2,0,0,0,1,0,0,1,0,0
சாளரம்,0,0,0,0,0,2,0,0,0,0,0,0,0,0,0
சிக்கிமுக்கிக்_கற்கள்,0,27,0,8,0,19,0,0,0,32,0,0,2,0,0
சித்தம்_போக்கு,0,0,0,0,0,2,0,0,0,1,0,0,0,0,0
சித்தி,0,1,0,0,0,0,0,0,0,1,0,0,0,0,0
சின்னத்தம்பியும்_திருடர்களும்,0,0,0,0,0,1,0,0,0,1,0,0,0,0,0
சிரஞ்சீவிக்_கதை,0,0,0,0,0,0,0,0,0,3,0,0,1,0,0
சிறந்த_கதைகள்_பதிமூன்று,0,28,0,16,0,34,0,0,0,65,0,0,14,0,0
சிற்பியின்_நரகம்,0,1,0,0,0,1,0,0,0,3,0,0,0,0,0
சிலப்பதிகாரம்,0,78,0,6,0,66,0,0,0,69,0,0,4,0,0
சிவகாமியின்_சபதம்,0,5,0,23,0,20,0,0,3,84,0,0,14,0,0
சிவகாமியின்_சபதம்/காஞ்சி_முற்றுகை/வடக்கு_வாசல்,0,0,0,1,0,0,0,0,0,0,0,0,0,0,0
சிவசிதம்பர_சேவுகம்,0,1,0,0,0,1,0,0,0,1,0,0,0,0,0
சீவக_சிந்தாமணி_(உரைநடை),0,26,0,11,0,33,0,0,0,54,0,0,12,0,0
சுதந்திரம்_பிறந்த_கதை,0,42,0,1,0,30,0,0,0,28,0,0,2,0,0
சுபத்திரையின்_சகோதரன்,0,0,0,1,0,1,0,0,0,1,0,0,2,0,0
சுப்பையா_பிள்ளையின்_காதல்கள்,0,1,0,0,0,0,0,0,0,1,0,0,0,0,0
சுமைதாங்கி,0,0,0,2,0,0,0,0,0,0,0,0,0,0,0
சுயதரிசனம்,0,0,0,2,0,0,0,0,0,0,0,0,0,0,0
சுழலில்_மிதக்கும்_தீபங்கள்,0,32,0,13,0,43,0,0,0,77,0,0,15,0,0
சூடாமணி_நிகண்டு,0,0,0,3,0,2,0,0,0,1,0,0,2,0,0
செல்லம்மாள்,0,59,0,0,0,18,0,0,0,27,0,0,0,0,0
செல்வம்,0,1,0,0,0,1,0,0,0,2,0,0,1,0,0
செவ்வாய்_தோஷம்,0,2,0,0,0,1,0,0,0,1,0,0,0,0,0
சேக்கிழார்,0,30,0,0,0,21,0,0,0,17,0,0,1,0,0
சொன்ன_சொல்,0,1,0,0,0,2,0,0,0,1,0,0,0,0,0
சோனாவின்_பயணம்,0,53,0,1,0,46,0,0,0,86,0,0,1,0,0
சோலைமலை_இளவரசி,0,7,0,2,0,3,0,0,0,17,0,0,3,0,0
ஜமீன்தார்_மகன்,0,0,0,0,0,0,0,0,0,0,0,0,1,0,0
ஞானக்_குகை,0,1,0,0,0,1,0,0,0,3,0,0,0,0,0
டாக்டர்_சம்பத்,0,1,0,0,0,2,0,0,0,3,0,0,0,0,0
டிரெடில்,0,0,0,1,0,0,0,0,0,0,0,0,0,0,0
டீக்கடைச்_சாமியாரும்_டிராக்டர்_சாமியாரும்,0,0,0,2,0,0,0,0,0,0,0,0,0,0,0
தகடூர்_யாத்திரை,0,0,0,0,0,2,0,0,0,3,0,0,0,0,0
தண்டனை_யாருக்கு?,0,0,0,0,0,1,0,0,0,1,0,0,0,0,0
தந்தை_பெரியார்,0,60,0,25,0,59,0,0,0,82,0,0,20,0,0
தந்தை_பெரியார்_சிந்தனைகள்,0,57,0,8,0,60,0,0,0,68,1,0,9,0,0
தந்தையும்_மகனும்,0,0,0,0,0,0,0,0,0,0,0,0,1,0,0
தனி_ஒருவனுக்கு,0,1,0,0,0,1,0,0,0,3,0,0,1,0,0
தற்கொலை,0,1,0,0,0,2,0,0,0,3,0,0,1,0,0
தியாக_பூமி,0,14,0,0,0,3,0,0,0,4,0,0,2,0,0
தியாகமூர்த்தி,0,1,0,0,0,1,0,0,0,1,0,0,0,0,0
திருக்குர்ஆன்,0,0,0,0,0,0,0,0,0,1,0,0,0,0,0
திருக்குறள்,0,0,0,8,0,5,0,0,3,9,0,0,7,0,0
திருக்குறள்_குமரேச_பிள்ளை,0,2,0,0,0,0,0,0,0,1,0,0,0,0,0
திருக்குறள்_செய்த_திருக்கூத்து,0,1,0,0,0,1,0,0,0,1,0,0,1,0,0
திருக்குறள்_பரிமேலழகர்_உரை,0,68,0,16,0,92,0,0,5,878,0,0,7,0,0
திருக்குறள்_பரிமேலழகர்_உரை/அறத்துப்பால்/1.கடவுள்வாழ்த்து,0,0,0,0,0,0,0,0,1,0,0,0,0,0,0
திருக்குறள்_பரிமேலழகர்_உரை/அறத்துப்பால்/15.பிறனில்விழையாமை,0,0,0,0,0,0,0,0,1,0,0,0,0,0,0
திருக்குறள்_பரிமேலழகர்_உரை/அறத்துப்பால்/2.வான்சிறப்பு,0,0,0,4,0,0,0,0,0,0,0,0,0,0,0
திருக்குறள்_பரிமேலழகர்_உரை/உரைப்பாயிரம்,0,0,0,0,0,0,0,0,1,0,0,0,0,0,0
திருக்கை_வழக்கம்,0,70,0,0,0,73,0,0,0,68,0,0,2,0,0
திருடன்_மகன்_திருடன்,0,0,0,0,0,0,0,0,0,1,0,0,2,0,0
திருநீற்றுப்பதிகம்,0,0,0,3,0,8,0,0,0,7,0,0,1,0,0
திருநீலகண்ட_பதிகம்,0,0,0,0,0,0,0,0,0,4,0,0,0,0,0
திருப்புகழ்,0,0,0,3,0,2,0,0,0,26,0,0,4,0,0
திருப்புமுனை,0,52,0,0,0,33,0,0,0,28,0,0,2,0,0
திருமந்திரம்,0,0,0,0,0,0,0,0,0,4,0,0,1,0,0
திருமந்திரம்/பாயிரம்,0,0,0,0,0,1,0,0,0,0,0,0,0,0,0
திரும்பி_வந்த_மான்_குட்டி,0,82,0,4,0,62,0,0,0,90,0,0,2,0,0
திருவள்ளுவமாலை,0,0,0,2,0,1,0,0,0,8,0,0,0,0,0
திருவழுந்தூர்_சிவக்கொழுந்து,0,0,0,0,0,1,0,0,0,0,0,0,1,0,0
திருவாசகம்,0,66,0,11,0,61,0,0,4,101,0,0,6,0,0
திருவிவிலியம்,0,0,0,0,0,0,0,0,0,1,0,0,0,0,0
திருவிவிலியம்/இணைத்_திருமுறை_நூல்கள்/தானியேல்:இணைப்புகள்/இணைப்பு_2:_சூசன்னா,0,0,0,0,0,1,0,0,0,0,0,0,0,0,0
திருவிவிலியம்/பழைய_ஏற்பாடு/எசேக்கியேல்/அதிகாரங்கள்_1_முதல்_2_வரை,0,0,0,0,0,1,0,0,0,0,0,0,0,0,0
திருவிவிலியம்/பொருளடக்கம்_1,0,0,0,2,0,0,0,0,0,0,0,0,0,0,0
திறந்த_ஜன்னல்,0,0,0,0,0,1,0,0,0,1,0,0,0,0,0
துன்பக்_கேணி,0,1,0,0,0,1,0,0,0,3,0,0,0,0,0
துறவு,0,0,0,1,0,0,0,0,0,0,0,0,0,0,0
தூக்குத்_தண்டனை,0,1,0,0,0,3,0,0,0,2,0,0,0,0,0
தெய்வயானை,0,0,0,0,0,0,0,0,0,0,0,0,1,0,0
தெரு_விளக்கு,0,1,0,0,0,1,0,0,0,2,0,0,0,0,0
தேக்கங்_கன்றுகள்,0,0,0,0,0,1,0,0,0,1,0,0,0,0,0
தேவகியின்_கணவன்,0,1,0,0,0,1,0,0,0,0,0,0,1,0,0
தேவன்_வருவாரா?,0,0,0,1,0,0,0,0,0,0,0,0,0,0,0
தொந்தியைக்_குறைக்க_சுலபமான_வழிகள்,0,28,0,2,0,25,0,0,0,30,0,0,2,0,0
தொந்தியைக்_குறைக்க_சுலபமான_வழிகள்/11._உடற்பயிற்சிகள்,0,0,0,2,0,3,0,0,1,2,0,0,0,0,0
தொல்காப்பியம்,0,0,0,3,0,4,0,0,0,18,0,0,1,0,0
தொல்காப்பியம்-எழுத்ததிகாரம்-இளம்பூரணம்,0,0,0,0,0,0,0,0,3,0,0,0,0,0,0
தொழிலியல்_விஞ்ஞானி_ஜி._டி._நாயுடு,0,71,0,72,0,108,0,0,0,108,0,0,51,0,0
நடைபாதையில்_ஞானோபதேசம்,0,0,0,1,0,0,0,0,0,0,0,0,0,0,0
நந்தவனத்தில்_ஓர்_ஆண்டி,0,0,0,1,0,0,0,0,0,0,0,0,0,0,0
நன்னூல்_எழுத்ததிகாரம்,0,0,0,0,0,1,0,0,0,0,0,0,0,0,0
நன்னெறி,0,0,0,0,0,0,0,0,0,6,0,0,0,0,0
நன்மை_பயக்குமெனின்,0,7,0,0,0,1,0,0,0,1,0,0,0,0,0
நம்பர்_888,0,0,0,0,0,0,0,0,0,0,0,0,1,0,0
நம்பிக்கை,0,2,0,0,0,0,0,0,0,0,0,0,0,0,0
நல்ல_மனைவியை_அடைவது_எப்படி,0,22,0,2,0,22,0,0,0,54,0,0,0,0,0
நல்ல_வேலைக்காரன்,0,1,0,0,0,2,0,0,0,2,0,0,0,0,0
நளவெண்பா,0,79,0,3,0,73,0,0,0,90,0,0,4,0,0
நாசகாரக்_கும்பல்,0,1,0,0,0,2,0,0,0,2,0,0,0,0,0
நாச்சியார்_திருமொழி,0,66,0,4,0,80,0,0,0,84,0,0,6,0,0
நாடகக்காரி,0,0,0,1,0,0,0,0,0,0,0,0,1,0,0
நான்_இருக்கிறேன்,0,0,0,1,0,0,0,0,0,0,0,0,0,0,0
நான்_என்ன_செய்யட்டும்_சொல்லுங்கோ?,0,0,0,1,0,0,0,0,0,0,0,0,0,0,0
நான்_ஜன்னலருகே_உட்கார்ந்திருக்கிறேன்,0,0,0,2,0,0,0,0,0,0,0,0,0,0,0
நான்கு_நண்பர்கள்,0,57,0,0,0,70,0,0,0,63,0,0,0,0,0
நிகும்பலை,0,1,0,0,0,0,0,0,0,2,0,0,1,0,0
நிக்கி,0,0,0,1,0,0,0,0,0,0,0,0,0,0,0
நிசமும்_நினைப்பும்,0,1,0,0,0,2,0,0,0,2,0,0,0,0,0
நினைவுப்_பாதை,0,0,0,0,0,0,0,0,0,2,0,0,0,0,0
நியாயந்தான்,0,1,0,0,0,0,0,0,0,1,0,0,0,0,0
நியாயம்,0,1,0,0,0,1,0,0,0,2,0,0,0,0,0
நிர்விகற்ப_சமாதி,0,1,0,0,0,1,0,0,0,1,0,0,0,0,0
நீ_இன்னா_ஸார்_சொல்றே?,0,0,0,3,0,0,0,0,0,0,0,0,0,0,0
நீண்ட_முகவுரை,0,0,0,0,0,0,0,0,0,0,0,0,1,0,0
நெடுநல்வாடை,0,0,0,1,0,4,0,0,0,10,0,0,5,0,0
நொண்டி,0,1,0,0,0,2,0,0,0,2,0,0,0,0,0
பக்கம்:விடுகதை_விளையாட்டு.pdf/5,0,0,0,2,0,2,0,0,4,0,0,0,0,0,0
படபடப்பு,0,1,0,0,0,1,0,0,0,0,0,0,0,0,0
பட்டினப்பாலை,0,0,0,7,0,5,0,0,0,8,0,0,3,0,0
பன்னிரு_திருமுறைகள்,0,0,0,3,0,0,0,0,0,0,0,0,0,0,0
பயம்,0,1,0,0,0,0,0,0,0,0,0,0,0,0,0
பரிசல்_துறை,0,1,0,0,0,1,0,0,0,0,0,0,0,0,0
பறிமுதல்,0,0,0,0,0,1,0,0,0,1,0,0,0,0,0
பலபட்டடைச்_சொக்கநாதப்_புலவர்_தனிப்பாடல்கள்,0,0,0,2,0,0,0,0,0,0,0,0,0,0,0
பழமொழி_நானூறு,0,0,0,0,0,0,0,0,0,4,0,0,4,0,0
பவானி_பிஏ_பிஎல்,0,0,0,0,0,0,0,0,0,0,0,0,2,0,0
பாங்கர்_விநாயகராவ்,0,1,0,0,0,2,0,0,0,1,0,0,0,0,0
பாஞ்சாலி_சபதம்,0,0,0,1,0,0,0,0,0,0,0,0,0,0,0
பாட்டியின்_தீபாவளி,0,1,0,0,0,1,0,0,0,1,0,0,0,0,0
பாரதியாரின்_சுயசரிதை,0,0,0,1,0,0,0,0,0,0,0,0,0,0,0
பாரதியாரின்_தெய்வப்பாடல்கள்,0,5,0,1,0,0,0,0,2,3,0,0,0,0,0
பாரதியாரின்_தெய்வப்பாடல்கள்/1._விநாயகர்_நான்மணி_மாலை,0,0,0,0,0,0,0,0,1,0,0,0,0,0,0
பார்த்திபன்_கனவு,0,2,0,14,0,10,0,0,1,26,0,0,4,0,0
பார்த்திபன்_கனவு/முதல்_பாகம்/தோணித்துறை,0,0,0,0,0,1,0,0,0,0,0,0,0,0,0
பால_ஜோசியர்,0,0,0,1,0,0,0,0,0,5,0,0,1,0,0
பால்வண்ணம்_பிள்ளை,0,1,0,0,0,1,0,0,0,4,0,0,1,0,0
பாழடைந்த_பங்களா,0,1,0,0,0,2,0,0,0,3,0,0,0,0,0
பிணக்கு,0,0,0,1,0,0,0,0,0,0,0,0,0,0,0
பித்தளை_ஒட்டியாணம்,0,0,0,0,0,1,0,0,0,0,0,0,1,0,0
பித்துக்குளி,0,0,0,0,0,1,0,0,0,1,0,0,0,0,0
பிரதாப_முதலியார்_சரித்திரம்,0,0,0,5,0,12,0,0,0,9,0,0,6,0,0
பிரதாப_முதலியார்_சரித்திரம்/அத்தியாயம்_1,0,0,0,0,0,3,0,0,0,0,0,0,0,0,0
பிரபல_நட்சத்திரம்,0,2,0,0,0,3,0,0,0,2,0,0,0,0,0
பிரம்ம_ராக்ஷஸ்,0,2,0,0,0,1,0,0,0,1,0,0,0,0,0
புதிய_ஆத்திசூடி,0,9,0,11,0,6,0,0,0,38,0,0,11,0,0
புதிய_ஒளி,0,0,0,0,0,1,0,0,0,0,0,0,0,0,0
புதிய_கந்த_புராணம்,0,1,0,0,0,0,0,0,0,4,0,0,0,0,0
புதிய_கூண்டு,0,2,0,0,0,1,0,0,0,6,0,0,0,0,0
புதிய_நந்தன்,0,1,0,0,0,1,0,0,0,6,0,0,2,0,0
புதிய_வார்ப்புகள்,0,0,0,2,0,0,0,0,0,0,0,0,0,0,0
புது_செருப்புக்_கடிக்கும்,0,0,0,2,0,0,0,0,0,0,0,0,0,0,0
புன்னைவனத்துப்_புலி,0,0,0,0,0,0,0,0,0,0,0,0,2,0,0
புரட்சி_மனப்பான்மை,0,1,0,0,0,1,0,0,0,0,0,0,0,0,0
புறநானூறு,0,93,0,22,0,52,0,0,0,68,0,0,9,0,0
புலி_ராஜா,0,1,0,0,0,2,0,0,0,1,0,0,0,0,0
புஷ்பப்_பல்லக்கு,0,1,0,0,0,2,0,0,0,0,0,0,0,0,0
பூ_உதிரும்,0,0,0,1,0,0,0,0,0,0,0,0,0,0,0
பூவும்_கனியும்,0,68,0,1,0,48,0,0,0,59,0,0,2,0,0
பெரியார்_அறிவுச்_சுவடி,0,77,0,3,0,79,0,0,0,77,0,0,1,0,0
பேராசிரியர்_அ._ச._ஞாவின்_பதில்கள்,0,0,0,7,0,0,0,0,0,0,0,0,0,0,0
பொங்குமாங்கடல்,0,0,0,0,0,0,0,0,0,0,0,0,1,0,0
பொன்னகரம்,0,1,0,0,0,6,0,0,0,4,0,0,0,0,0
பொன்னியின்_செல்வன்,0,13,0,119,2,117,0,0,0,0,0,0,168,0,0
பொன்னியின்_செல்வன்/கொலை_வாள்/முதன்மந்திரி_வந்தார்!,0,0,0,1,0,0,0,0,0,0,0,0,0,0,0
பொன்னியின்_செல்வன்/சுழற்காற்று/இரண்டு_பூரண_சந்திரர்கள்,0,0,0,0,0,1,0,0,0,0,0,0,0,0,0
பொன்னியின்_செல்வன்/தியாக_சிகரம்/வானதியின்_திருட்டுத்தனம்,0,0,0,1,0,0,0,0,0,0,0,0,0,0,0
பொன்னியின்_செல்வன்/புது_வெள்ளம்/ஆடித்திருநாள்,0,0,1,3,0,2,0,0,0,0,0,0,0,0,0
பொன்னியின்_செல்வன்/புது_வெள்ளம்/குடந்தை_சோதிடர்,0,0,0,0,0,1,0,0,0,0,0,0,0,0,0
பொன்னியின்_செல்வன்/மணிமகுடம்/மீண்டும்_வைத்தியர்_மகன்,0,0,0,0,0,1,0,0,0,0,0,0,0,0,0
பொம்மை,0,0,0,1,0,0,0,0,0,0,0,0,0,0,0
பொய்க்_குதிரை,0,0,0,0,0,2,0,0,0,1,0,0,0,0,0
பொய்மான்_கரடு,0,19,0,1,0,4,0,0,0,8,0,0,6,0,0
போலீஸ்_விருந்து,0,1,0,0,0,1,0,0,0,1,0,0,0,0,0
மகாமசானம்,0,1,0,0,0,1,0,0,0,4,0,0,0,0,0
மகுடபதி,0,10,0,0,0,2,0,0,0,3,0,0,2,0,0
மணிமேகலை,0,75,0,0,0,65,0,0,0,43,0,0,1,0,0
மதுரைக்காஞ்சி,0,0,0,4,0,14,0,0,0,3,0,0,1,0,0
மன_நிழல்,0,1,0,0,0,1,0,0,0,1,0,0,0,0,0
மனக்குகை_ஓவியங்கள்,0,0,0,0,0,1,0,0,0,2,0,0,0,0,0
மனத்தின்_தோற்றம்,0,37,0,7,0,23,0,0,0,30,0,0,8,0,0
மனித_யந்திரம்,0,1,0,0,0,0,0,0,0,0,0,0,0,0,0
மனோன்மணீயம்,0,85,0,3,0,49,0,0,0,119,0,0,4,0,0
மயிலைக்_காளை,0,2,0,0,0,8,0,0,0,5,0,0,0,0,0
மயில்விழி_மான்,0,0,0,0,0,0,0,0,0,0,0,0,1,0,0
மாடத்தேவன்_சுனை,0,0,0,0,0,0,0,0,0,0,0,0,2,0,0
மாயவலை,0,1,0,0,0,2,0,0,0,0,0,0,0,0,0
மாலதியின்_தந்தை,0,8,0,0,0,1,0,0,0,1,0,0,0,0,0
முதற்_பக்கம்,0,0,0,3,0,3,0,0,0,0,0,0,0,0,0
முதுமொழிக்_காஞ்சி-மூலமும்_உரையும்,0,14,0,13,0,10,0,0,0,12,0,0,2,0,0
முத்தொள்ளாயிரம்,0,86,0,1,0,80,0,0,0,75,0,0,3,0,0
முன்_நிலவும்_பின்_பனியும்,0,0,0,1,0,0,0,0,0,0,0,0,0,0,0
முற்றுகை,0,0,0,3,0,0,0,0,0,0,0,0,0,0,0
மோகினித்_தீவு,0,11,0,0,0,1,0,0,0,10,0,0,1,0,0
மோட்சம்,0,1,0,0,0,1,0,0,0,1,0,0,1,0,0
யந்திரம்,0,0,0,1,0,0,0,0,0,0,0,0,0,0,0
யுக_சந்தி,0,0,0,2,0,0,0,0,0,0,0,0,0,0,0
ரங்கதுர்க்கம்_ராஜா,0,1,0,0,0,1,0,0,0,3,0,0,1,0,0
ரங்கூன்_மாப்பிள்ளை,0,0,0,0,0,0,0,0,0,0,0,0,1,0,0
ராமனாதனின்_கடிதம்,0,1,0,0,0,2,0,0,0,2,0,0,1,0,0
ரோஜாச்_செடி,0,55,0,1,0,50,0,0,0,57,0,0,1,0,0
லஞ்சம்_வாங்காதவன்,0,1,0,0,0,1,0,0,0,0,0,0,1,0,0
வஞ்சிமாநகரம்,0,38,0,9,0,31,0,0,0,53,0,0,3,0,0
வன்னியன்_கதை,0,0,0,0,0,1,0,0,0,0,0,0,0,0,0
வழி,0,1,0,0,0,1,0,0,0,0,0,0,0,0,0
வாடாமல்லிகை,0,2,0,1,0,0,0,0,0,3,0,0,0,0,0
வாழ்க்கை,0,2,0,0,0,1,0,0,0,2,0,0,0,0,0
வாழ்க்கை_விநோதம்,0,25,0,1,0,15,0,0,0,16,0,0,1,0,0
விடுகதை_விளையாட்டு,0,34,0,1,0,27,0,0,0,50,0,0,3,0,0
விதூஷகன்_சின்னுமுதலி,0,0,0,0,0,1,0,0,0,0,0,0,0,0,0
வித்தைப்_பாம்பு,0,60,0,0,0,52,0,0,0,58,0,0,1,0,0
விநாயக_சதுர்த்தி,0,1,0,0,0,1,0,0,0,2,0,0,0,0,0
விநாயகர்_அகவல்,0,78,0,356,0,405,0,0,89,3162,0,0,351,0,0
விநாயகர்_அகவல்-_நக்கீரர்-அருளியது,0,75,0,0,0,87,0,0,0,96,0,0,1,0,0
விபரீத_ஆசை,0,1,0,0,0,0,0,0,0,2,0,0,0,0,0
விவேக_சிந்தாமணி_(மூலம்),0,0,0,1,0,1,0,0,0,9,0,0,1,0,0
விஷ_மந்திரம்,0,0,0,8,0,2,0,0,0,9,0,0,7,0,0
வீடு_தேடும்_படலம்,0,1,0,1,0,2,0,0,0,2,0,0,0,0,0
வீணை_பவானி,0,0,0,1,0,0,0,0,0,0,0,0,2,0,0
வெளிப்பூச்சு,0,1,0,0,0,0,0,0,0,1,0,0,0,0,0
வேதாளம்_சொன்ன_கதை,0,1,0,0,0,2,0,0,0,5,0,0,0,0,0
வைர_மோதிரம்,0,0,0,0,0,2,0,0,0,1,0,0,0,0,0
ஸினிமாக்_கதை,0,0,0,0,0,0,0,0,0,0,0,0,1,0,0
ஸுசீலா_எம்ஏ,0,1,0,0,0,3,0,0,0,0,0,0,0,0,0
ஸ்ரீ_கந்த_குரு_கவசம்,0,0,0,1,0,5,0,0,0,30,0,0,1,0,0
ஸ்ரீகாந்தன்_புனர்ஜன்மம்,0,1,0,0,0,1,0,0,0,7,0,0,0,0,0
